State of Charge (SoC),State of Health (SoH),Total Pack Voltage,Instantaneous Current,Battery Temperature Avg,Vehicle Speed,Predicted Remaining Range,Real-Time Efficiency,Min Cell Voltage,Max Cell Voltage,Cell Voltage Delta,Max Battery Temperature,Motor Temperature,Inverter Temperature,Accelerator Pedal Position,Brake Pedal Position,Regenerative Braking Power,Odometer,Charging Status,Plug Connected,Max Allowed Charge Current,Current Charging Power
90.0,99.0,385.2,15.4,28.5,45.0,360.0,135.0,3.82,3.86,0.04,30.0,38.0,36.0,18.0,0.0,2.5,10250.0,FALSE,FALSE,150.0,0.0
89.5,99.0,383.8,42.1,29.2,65.0,355.0,148.0,3.80,3.85,0.05,31.0,42.0,40.0,35.0,0.0,0.0,10252.0,FALSE,FALSE,150.0,0.0
88.8,99.0,381.5,85.0,31.0,90.0,345.0,175.0,3.76,3.83,0.07,33.5,52.0,48.0,65.0,0.0,0.0,10255.0,FALSE,FALSE,150.0,0.0
88.5,99.0,384.0,-25.0,31.2,50.0,348.0,110.0,3.81,3.85,0.04,33.0,48.0,44.0,0.0,20.0,18.5,10257.0,FALSE,FALSE,150.0,0.0
87.9,98.8,382.0,35.0,32.0,75.0,340.0,152.0,3.79,3.84,0.05,34.0,45.0,42.0,30.0,0.0,0.0,10260.0,FALSE,FALSE,150.0,0.0
87.1,98.8,380.5,38.2,32.8,80.0,332.0,158.0,3.77,3.83,0.06,35.0,47.0,44.0,32.0,0.0,0.0,10264.0,FALSE,FALSE,150.0,0.0
86.4,98.8,379.2,40.0,33.5,82.0,325.0,162.0,3.75,3.82,0.07,36.2,50.0,46.0,34.0,0.0,0.0,10268.0,FALSE,FALSE,150.0,0.0
85.5,98.5,378.0,115.0,36.0,110.0,312.0,210.0,3.71,3.80,0.09,39.5,62.0,58.0,85.0,0.0,0.0,10273.0,FALSE,FALSE,150.0,0.0
85.2,98.5,382.5,-38.0,36.5,40.0,318.0,95.0,3.79,3.84,0.05,39.0,55.0,50.0,0.0,45.0,32.0,10276.0,FALSE,FALSE,150.0,0.0
84.8,98.5,379.0,12.0,35.0,30.0,315.0,130.0,3.76,3.81,0.05,37.0,42.0,39.0,12.0,0.0,1.0,10278.0,FALSE,FALSE,150.0,0.0
